ID,Name,AccountNumber
28369,Strongest Location,40-63342
28370,Witless Deprograms,42-63342
28371,Lynchers Phobia,58-43321
28372,Mitre Uncounted,42-43321
28373,Bolt Sered,36-63342
28374,Avow Renting,29-63342
28375,Append Gatefolds,56-63342
28376,Bitterest Theatres,34-63342
28377,Ophthalmoscopies Copyreaders,40-43321
28378,Chopping Comfort,38-43321
28379,Pater Controllable,51-63342
28380,Hydrozoon Wintrily,39-63342
28381,Huffish Inconsistently,44-63342
28382,Depilatory Seeders,30-43321
28383,Usurpatory Startling,51-43321
28384,Triadisms Habitual,59-63342
28385,Cranked Distractions,46-43321
28386,Coalify Revisiting,35-63342
28387,Bullheaded Unauspicious,41-43321
28388,Expires Unchastened,64-43321
28389,Frauleins Utilized,28-63342
28390,Odoriferous Swished,22-43321
28391,Magnet Pokers,63-63342
28392,Disjoin Luminary,31-43321
28393,Sootier Manuscription,34-43321
28394,Administrable Barberries,49-63342
28395,Jargons Itemizers,50-63342
28396,Glenwood Transitivity,69-43321
28397,Clamps Aurum,69-63342
28398,Lama Obbligatos,55-43321
28399,Ceruleans Clotheshorses,65-43321
28400,Effluviums Impersonators,36-43321
28401,Crimpiest Histories,52-43321
28402,Hepatizes Photosynthetic,33-43321
28403,Abates Quills,21-43321
28404,Sojourns Growers,70-63342
28405,Tentier Imploded,25-63342
28406,Troubleshoots Shortsighted,22-63342
28407,Winner Snowfall,38-63342
28408,Occults Writs,30-63342
28409,Persecutor Staminas,46-63342
28410,Croquettes Palazzo,24-43321
28411,Discomfit Histamins,26-63342
28412,Airspace Riffs,70-43321
28413,Cpu Rhubarb,39-43321
28414,Earring Appoints,43-43321
28415,Superfluities Contingency,41-63342
28416,Marted Disinterred,68-43321
28417,Ejecta Misadjusted,44-43321
28418,Unmagnified Yodelling,24-63342
28419,Revellings Wisecracks,37-63342
28420,Underway Opus,61-43321
28421,Suntan Coinciding,32-63342
28422,Muslims Notarize,45-43321
28423,Humaner Overinterest,57-63342
28424,Tudor Chasteness,52-63342
28425,Threnody Paganist,60-63342
28426,Celebrants Midtown,53-63342
28427,Woodsier Bayou,59-43321
28428,Pedalling Rookery,53-43321
28429,Squished Newsreel,47-63342
28430,Rocketing Fusels,37-43321
28431,Slickest Frostlike,25-43321
28432,Ensouling Matriarchal,27-43321
28433,Yowl Assents,29-43321
28434,Hatches Prerecorded,31-63342
28435,Viruses Regality,63-43321
28436,Talk Etchers,48-63342
28437,Yaps Orgiastic,23-63342
28438,Rudeness Supercharging,54-43321
28439,Tons Shelvy,21-63342
28440,Considerations Outrage,27-63342
28441,Transformed Vim,67-43321
28442,Cheerfulness Stateswoman,35-43321
28443,Glycerols Chew,43-63342
28444,Bequeaths Circum,60-43321
28445,Witchiest Overlook,65-63342
28446,Spiritless Burrow,66-63342
28447,Repulse Aced,62-43321
28448,Visas Wrenched,68-63342
28449,Praecox Snifter,62-63342
28450,Hallah Universalizing,54-63342
28451,Haloids Paradox,49-43321
28452,Staunches Voids,56-43321
28453,Erg Uncurious,64-63342
28454,Hypoxemia Lyses,45-63342
28455,Unsealing Cyclometers,66-43321
28456,Tweed Cocos,58-63342
28457,Misadjust Evaluation,47-43321
28458,Outdate Qualitatively,50-43321
28459,Understate Exaggerative,48-43321
28460,Warlord Caparisoned,61-63342
28461,Feeless Spaceship,26-43321
28462,Deifier Bluntness,67-63342
28463,Concernment Mailbags,55-63342
28464,Shanghaiing Headhunt,23-43321
28465,Selective Hermaphrodite,57-43321
28466,Cliquiest Westerner,28-43321
28467,Marshalling Bootlickers,33-63342
28468,Omens Creeds,32-43321
